aaa,8003,379,1607,2055
aab,7941,393,582,900
aac,7940,442,182,529
aad,6521,340,1302,1489
aae,7473,384,893,1068
aaf,7051,438,982,1254
aag,7691,327,1206,1760
aah,7488,287,869,1456
aai,7769,283,952,1180
aaj,7005,524,378,707
aak,7957,441,1848,2517
aal,6646,456,1161,1542
aba,7956,488,1347,1900
abb,6365,404,9,144
abc,7364,302,821,1044
abd,7660,528,418,967
abe,7909,393,1079,1330
abf,7722,320,495,748
abg,7754,246,1572,1739
abh,7644,479,1002,1359
abi,8018,322,856,1445
abj,7098,414,1278,1504
abk,7691,327,770,1279
abl,7504,449,437,1181
aca,7067,432,661,1358
acb,7613,406,1026,1371
acc,7364,344,1257,1623
acd,7863,338,122,628
ace,7784,341,860,1004
acf,6786,288,486,1101
acg,6833,413,949,1305
ach,7878,395,354,565
aci,6053,301,778,1003
acj,7738,347,1337,1631
ack,6958,273,242,789
acl,6990,343,643,1090
ada,7083,397,987,1367
adb,7987,519,1253,2070
adc,7457,363,1346,1551
add,7644,367,1136,1560
ade,7972,250,1125,1334
adf,7613,320,688,989
adg,7613,421,1,191
adh,7660,255,162,421
adi,7239,415,135,389
adj,7317,411,1017,1304
adk,8004,341,882,1220
adl,7816,355,2134,2419
aea,7800,320,908,1203
aeb,7988,352,1423,1814
aec,7848,360,880,1197
aed,6911,462,931,1220
aee,5803,358,558,884
aef,7316,441,1208,1692
aeg,7348,349,1363,1828
aeh,7863,587,1347,1775
aei,7629,229,1321,1705
aej,7894,370,1431,1717
aek,7878,491,1500,2188
ael,7925,384,1234,1499
afa,7597,451,811,1052
afb,7753,357,520,990
afc,7270,395,742,1159
afd,7831,380,1764,2321
afe,7925,355,1041,1439
aff,7114,537,1362,1738
afg,7707,484,449,770
afh,7504,298,71,423
afi,7582,399,1315,1605
afj,6740,273,215,835
afk,7770,354,1001,1270
afl,7566,382,1085,1370
aga,7286,418,827,1170
agb,7160,540,623,892
agc,7348,437,652,1132
agd,7832,461,235,571
age,7723,586,763,1241
agf,7317,467,1142,1460
agg,7660,333,562,1197
agh,7644,357,789,1035
agi,6677,408,1925,2151
agj,7910,507,1063,1258
agk,7879,291,1398,1554
agl,7878,256,125,345
aha,7364,432,268,722
ahb,7972,322,1016,1336
ahc,7442,375,1345,2079
ahd,7239,387,1346,1983
ahe,7831,397,480,709
ahf,7067,374,544,832
ahg,7551,395,999,1310
ahh,7598,412,479,831
ahi,7972,413,1428,2020
ahj,7145,349,22,385
ahk,7379,361,867,1390
ahl,7395,355,2411,3070
aia,7956,385,1077,1450
aib,7988,418,1548,2006
aic,7114,412,86,608
aid,7129,458,1087,1483
aie,7645,277,509,847
aif,7161,320,615,792
aig,7925,473,1356,2228
aih,7738,241,509,670
aii,7910,200,359,508
aij,6755,378,163,680
aik,7800,266,1146,1390
ail,6084,512,821,1225
aja,7379,277,712,968
ajb,7614,329,933,1144
ajc,7364,352,1302,1852
ajd,7629,373,1339,1896
aje,7348,382,479,968
ajf,6272,417,1004,1346
ajg,7145,419,804,1048
ajh,7878,246,1159,1802
aji,7722,535,460,742
ajj,7208,396,1891,2246
ajk,7738,442,1059,1378
ajl,6880,387,870,1097
aka,7862,356,191,583
akb,7114,511,1541,1976
akc,6927,397,1841,2499
akd,7988,398,398,684
ake,6693,404,2176,2609
akf,7161,452,388,867
akg,7519,424,403,664
akh,8003,237,952,1156
aki,7910,338,1095,1295
akj,7971,401,1506,2095
akk,7035,519,1666,2112
akl,7597,368,1189,1497
ala,7972,530,292,658
alb,6973,339,1248,1529
alc,7722,483,1209,1566
ald,7286,406,274,545
ale,7753,302,481,700
alf,7504,438,543,989
alg,7380,416,620,942
alh,7660,384,950,1154
ali,7067,398,843,1248
alj,6661,484,133,588
alk,7504,379,997,1286
all,8018,330,1153,1403
baa,7426,330,235,513
bab,7878,403,240,489
bac,7738,428,487,669
bad,6896,405,1133,1533
bae,7972,441,384,681
baf,6896,370,867,1297
bag,7520,306,1810,2087
bah,7816,477,528,947
bai,7801,477,1207,1487
baj,7316,357,922,1218
bak,7831,499,602,1076
bal,7207,389,552,818
bba,7301,437,84,558
bbb,7972,353,1511,1884
bbc,7676,414,852,1132
bbd,7488,412,809,1299
bbe,7597,485,756,1136
bbf,7894,544,1779,2380
bbg,7910,349,1089,1255
bbh,7629,401,1195,1429
bbi,7956,356,938,1297
bbj,6740,420,794,1078
bbk,6942,435,1597,1954
bbl,7551,431,403,823
bca,7613,424,1168,1396
bcb,7551,312,1083,1486
bcc,7941,523,60,385
bcd,7675,335,1297,1515
bce,7801,338,807,1055
bcf,7472,371,1109,1429
bcg,7941,292,1307,1574
bch,7129,486,1800,2452
bci,7582,526,153,603
bcj,7925,356,820,1233
bck,7785,551,21,244
bcl,7941,479,1235,1521
bda,7380,377,431,1293
bdb,6303,325,481,804
bdc,7020,340,952,1385
bdd,7379,355,469,959
bde,6240,424,391,682
bdf,7785,292,716,886
bdg,7847,326,1288,1457
bdh,7879,431,573,1149
bdi,7972,302,1919,2288
bdj,7956,420,472,903
bdk,7301,505,704,1062
bdl,7052,331,1409,1657
bea,7270,418,420,635
beb,7910,308,154,471
bec,7644,437,1453,1863
bed,7472,364,1706,2271
bee,7582,390,303,644
bef,6614,595,259,613
beg,7894,388,1334,1776
beh,7848,491,716,1129
bei,7457,344,344,764
bej,7691,335,857,1439
bek,7536,425,1151,1601
bel,7987,348,1391,1799
bfa,7878,439,1466,1961
bfb,6926,298,420,646
bfc,7613,325,1781,2133
bfd,7957,324,921,1185
bfe,7753,363,616,806
bff,7723,389,447,787
bfg,7925,380,1543,2048
bfh,7317,399,669,840
bfi,7301,399,858,1468
bfj,7535,337,1139,1970
bfk,7722,359,1303,1597
bfl,7550,465,1030,1191
bga,7941,352,774,933
bgb,7956,359,1536,1880
bgc,7738,479,360,637
bgd,7301,409,1797,2142
bge,7363,341,577,917
bgf,7909,266,596,878
bgg,7707,293,783,1041
bgh,7691,449,1809,2556
bgi,7972,395,1674,2073
bgj,7925,354,644,1166
bgk,7613,505,770,1237
bgl,7879,416,305,527
bha,7333,257,517,825
bhb,6677,357,1579,1987
bhc,7738,393,987,1391
bhd,7457,665,1396,1614
bhe,6739,350,776,1001
bhf,7785,369,165,490
bhg,7566,406,679,913
bhh,7411,443,1335,1756
bhi,7754,424,1387,1610
bhj,7255,619,1720,2157
bhk,7145,391,1002,1206
bhl,7598,374,744,1347
bia,7598,361,666,883
bib,7707,281,1329,1539
bic,7722,345,864,1292
bid,7816,297,344,651
bie,7925,346,1060,1348
bif,7972,416,699,1194
big,6880,283,1121,1400
bih,7910,218,929,1549
bii,7161,311,1112,1407
bij,7847,366,1357,1738
bik,7800,299,886,1470
bil,7644,494,334,813
bja,7488,423,68,276
bjb,6709,422,900,1297
bjc,7738,244,1552,1898
bjd,5834,611,1073,1415
bje,7488,408,1211,1493
bjf,7473,330,417,700
bjg,7675,363,726,1161
bjh,7738,356,215,591
bji,7333,302,221,541
bjj,7722,373,1245,1744
bjk,7987,209,1442,1599
bjl,7613,399,960,1175
bka,7130,391,1775,2204
bkb,7972,385,1386,1705
bkc,7723,403,958,1327
bkd,7972,365,1087,1363
bke,7722,284,1804,2219
bkf,7488,329,1366,1647
bkg,7722,273,754,1029
bkh,7675,357,1484,2260
bki,7909,382,1486,1776
bkj,7628,302,918,1119
bkk,7816,459,595,855
bkl,7488,290,1084,1393
bla,6755,457,901,1175
blb,7878,400,1187,1705
blc,7488,328,1047,1303
bld,7847,347,702,1221
ble,7597,562,593,1056
blf,7317,304,862,1065
blg,7254,375,226,761
blh,7692,295,1118,1338
bli,7364,381,426,664
blj,7972,401,948,1434
blk,7489,393,970,1282
bll,7473,321,548,912
caa,7005,580,1573,1973
cab,7551,356,1246,1463
cac,7535,364,694,1035
cad,7925,353,246,503
cae,7925,516,978,1356
caf,7457,519,1269,1654
cag,7644,442,577,997
cah,7894,430,1277,1745
cai,7410,507,247,608
caj,7816,404,766,1032
cak,7816,337,1029,1280
cal,7176,310,1133,1455
cba,7582,387,1147,1420
cbb,7941,293,1171,1484
cbc,7551,356,2137,2576
cbd,6989,526,1181,1724
cbe,7863,288,1108,1526
cbf,7816,296,1316,1573
cbg,6755,263,1710,1892
cbh,7347,347,550,877
cbi,7005,387,828,950
cbj,7270,296,806,898
cbk,7832,354,116,510
cbl,7130,447,404,674
cca,7816,291,386,497
ccb,7941,444,399,835
ccc,6942,349,578,1029
ccd,7707,319,1676,1903
cce,7941,352,874,1128
ccf,7395,421,129,467
ccg,6256,506,382,997
cch,7536,449,1167,1796
cci,7301,414,645,1070
ccj,7675,393,446,778
cck,7161,370,401,808
ccl,6677,490,570,829
cda,7473,521,217,600
cdb,7691,391,530,759
cdc,7910,346,973,1323
cdd,7644,290,1470,1889
cde,7785,308,1287,1460
cdf,7925,417,943,1071
cdg,7395,521,709,868
cdh,7130,419,1722,2444
cdi,7410,433,543,760
cdj,7004,277,378,590
cdk,7987,380,1233,1516
cdl,7832,367,472,1087
cea,7441,242,1417,1945
ceb,7348,410,1183,1409
cec,7972,407,678,1030
ced,7862,439,416,696
cee,6989,370,133,438
cef,7722,312,1178,1647
ceg,7800,435,1354,1758
ceh,7504,394,1130,1523
cei,6755,421,1170,1374
cej,7972,378,1383,1642
cek,7192,525,1448,1815
cel,7535,264,1208,1576
cfa,7520,493,1606,1891
cfb,7862,296,514,746
cfc,7894,213,552,899
cfd,7863,394,452,662
cfe,7114,475,434,809
cff,7707,469,899,1042
cfg,8003,359,1580,2196
cfh,7909,332,907,1458
cfi,7426,374,1074,1771
cfj,7067,475,666,908
cfk,7675,408,992,1253
cfl,7129,518,509,766
cga,7363,354,1192,1477
cgb,7972,303,816,985
cgc,7910,422,905,1141
cgd,7925,288,421,737
cge,7879,479,473,809
cgf,7192,551,751,1062
cgg,6365,572,1705,2211
cgh,7442,315,906,1199
cgi,6443,410,624,884
cgj,7847,384,1424,1753
cgk,7957,284,1692,1924
cgl,7878,453,1553,1916
cha,7754,391,854,1182
chb,7629,335,442,877
chc,7988,392,548,819
chd,7956,331,885,1159
che,7801,411,678,957
chf,7801,311,1085,1326
chg,7785,422,1247,1554
chh,7831,326,601,934
chi,7628,302,69,332
chj,7598,331,734,1010
chk,7410,364,1140,1352
chl,7988,399,1312,1902
cia,7910,440,382,631
cib,7317,380,1177,1519
cic,7738,385,367,1018
cid,7894,647,1419,2001
cie,7753,295,1329,1649
cif,7691,418,1580,2022
cig,7535,390,346,694
cih,6958,410,1620,1954
cii,7285,411,2068,2575
cij,7816,451,954,1173
cik,7847,323,745,928
cil,7738,537,913,1834
cja,7270,288,399,868
cjb,7488,475,1605,1808
cjc,7941,268,770,1018
cjd,7176,418,1759,2093
cje,7769,330,1478,1737
cjf,7301,386,1943,2468
cjg,7520,436,697,858
cjh,7286,263,858,1058
cji,7317,342,1571,1956
cjj,7926,325,1052,1322
cjk,7800,410,264,637
cjl,7629,294,1074,1314
cka,7644,504,1909,2314
ckb,7410,398,1146,1512
ckc,7769,347,981,1345
ckd,7644,308,1932,2148
cke,7691,307,1417,1785
ckf,7239,538,382,923
ckg,7363,409,612,1192
ckh,7925,466,493,925
cki,7941,355,498,785
ckj,7520,451,618,990
ckk,7629,432,321,613
ckl,6895,420,1398,2556
cla,7441,386,899,1174
clb,7940,320,1333,1605
clc,7863,328,995,1284
cld,7707,575,418,830
cle,7940,422,909,1159
clf,6490,372,698,952
clg,7816,338,1773,2003
clh,7207,326,1602,1768
cli,7285,401,461,960
clj,7972,342,1243,1533
clk,7878,478,813,1152
cll,7800,304,906,1196
daa,7411,486,570,949
dab,7956,347,499,694
dac,7582,226,437,761
dad,6989,311,191,702
dae,6740,397,752,1121
daf,7722,565,360,1070
dag,7489,324,518,718
dah,7567,367,782,1218
dai,6880,588,580,1002
daj,7925,427,1522,1849
dak,7800,409,538,716
dal,7489,470,208,519
dba,7176,367,594,1001
dbb,6631,518,514,806
dbc,7582,448,1918,2307
dbd,7862,327,1045,1290
dbe,7582,338,1473,1809
dbf,7099,484,1710,2060
dbg,7676,477,497,994
dbh,7598,465,664,1201
dbi,6912,451,934,1288
dbj,7972,380,1699,2225
dbk,7909,338,1402,1691
dbl,7520,323,919,1223
dca,7831,288,821,1152
dcb,7676,526,74,500
dcc,7519,393,1317,1751
dcd,7254,318,1060,1379
dce,7379,392,1291,1718
dcf,7738,430,642,943
dcg,7567,333,210,764
dch,7956,356,2091,3114
dci,6817,273,723,1691
dcj,7098,360,1266,1465
dck,7472,347,1240,1621
dcl,7395,505,1078,1615
dda,7223,322,295,573
ddb,7411,339,785,1015
ddc,7816,320,1222,1486
ddd,6349,453,293,594
dde,7847,372,996,1251
ddf,7878,402,1007,1325
ddg,7239,435,1211,1533
ddh,7722,387,819,1128
ddi,7441,388,982,1256
ddj,7660,532,23,309
ddk,7707,423,597,1183
ddl,7800,276,79,257
dea,7067,429,1561,1857
deb,7036,380,57,277
dec,7940,367,607,1141
ded,7645,321,500,728
dee,7894,477,560,1069
def,7317,421,1260,1467
deg,7239,434,858,1220
deh,7161,278,1795,2224
dei,7566,413,780,995
dej,7254,336,133,448
dek,7832,413,350,715
del,7239,491,1516,2042
dfa,7255,329,477,816
dfb,7426,315,783,954
dfc,6584,390,1073,1422
dfd,7550,387,934,1186
dfe,7566,408,407,655
dff,7987,410,361,601
dfg,7925,267,1070,1521
dfh,7707,327,1332,1524
dfi,7707,282,1053,1519
dfj,7770,394,198,681
dfk,7410,336,219,388
dfl,7940,237,1139,1426
dga,6521,346,564,773
dgb,7098,308,485,622
dgc,7161,480,1403,1801
dgd,6770,533,720,1121
dge,7192,251,348,605
dgf,6116,292,1377,1590
dgg,7988,381,894,1141
dgh,7910,354,849,1215
dgi,7348,387,632,973
dgj,7957,380,645,893
dgk,7816,340,931,1294
dgl,7629,377,455,803
dha,7223,457,1285,1547
dhb,7333,446,892,1173
dhc,8003,373,1032,1392
dhd,7691,232,1300,1534
dhe,7597,437,1706,2227
dhf,7940,510,508,992
dhg,7691,360,1322,1620
dhh,7816,337,528,761
dhi,7551,290,1063,1387
dhj,7550,398,1231,1468
dhk,7660,428,259,601
dhl,7941,350,732,1261
dia,7925,333,1103,1397
dib,7801,460,1489,2587
dic,7332,307,644,1226
did,7270,271,33,270
die,7660,334,1462,1648
dif,7754,464,854,1300
dig,7957,403,1049,1404
dih,7442,344,1024,1304
dii,7161,388,653,884
dij,7285,386,1535,2139
dik,8003,462,226,392
dil,7816,278,785,1063
dja,6833,341,784,1283
djb,7941,383,1160,1378
djc,7769,398,868,1172
djd,7192,308,322,1059
dje,7192,444,271,602
djf,7753,284,1141,1386
djg,7956,315,1514,1767
djh,7878,282,130,291
dji,7738,273,1170,1621
djj,7707,408,205,686
djk,7957,271,826,1130
djl,7582,473,631,995
dka,7021,461,1592,1852
dkb,6911,336,614,1007
dkc,7519,434,1111,1553
dkd,7286,369,1341,1591
dke,7831,401,1180,1373
dkf,7723,336,621,908
dkg,7707,315,537,736
dkh,7364,381,1334,1537
dki,7551,438,2118,2447
dkj,6974,439,1440,1741
dkk,7192,371,635,1182
dkl,7379,419,1624,2193
dla,6896,383,1539,1834
dlb,7332,431,929,1144
dlc,7254,456,170,440
dld,7723,420,1797,2143
dle,7145,295,720,1037
dlf,7972,351,545,1111
dlg,6958,629,1771,2303
dlh,6505,457,1310,1559
dli,7926,331,622,850
dlj,7489,408,1326,1666
dlk,6942,467,1046,1334
dll,7083,213,1251,1744
eaa,7956,381,481,887
eab,7472,345,339,621
eac,7676,402,339,855
ead,7988,347,675,1168
eae,7863,276,1146,1386
eaf,6834,466,835,1248
eag,7566,452,1037,1372
eah,7816,419,904,1109
eai,7660,196,565,897
eaj,6474,389,1351,1612
eak,7286,420,1402,1599
eal,7738,371,1494,1799
eba,7847,374,62,566
ebb,7504,296,254,596
ebc,7457,422,556,828
ebd,6630,402,803,1118
ebe,7941,325,792,1391
ebf,7582,449,233,627
ebg,7488,448,1317,1721
ebh,7893,359,616,989
ebi,6865,365,339,565
ebj,7598,542,1291,1873
ebk,7785,435,1118,1313
ebl,7988,415,1838,2228
eca,7925,411,732,922
ecb,7940,317,811,1138
ecc,7176,385,1196,1540
ecd,7613,322,387,998
ece,7083,352,1086,1356
ecf,8004,415,540,819
ecg,7021,447,898,1220
ech,7800,351,456,721
eci,7723,432,465,884
ecj,7363,405,1350,1511
eck,6474,407,884,1343
ecl,7628,330,1205,1456
eda,7504,412,498,702
edb,7691,269,100,397
edc,7972,335,690,891
edd,7519,390,1634,1975
ede,6957,403,737,1114
edf,7473,453,1086,1479
edg,7738,358,1469,1773
edh,7894,271,1048,1343
edi,7988,274,429,721
edj,7769,370,864,1277
edk,7987,470,1260,1522
edl,7863,520,1082,1439
eea,7317,491,403,727
eeb,7285,314,175,448
eec,7957,446,945,1214
eed,7488,450,1238,1574
eee,7348,439,753,1185
eef,7941,308,1243,1484
eeg,7987,679,1110,1643
eeh,7801,387,1024,1286
eei,7988,288,877,1275
eej,7879,423,1252,1683
eek,7052,431,524,760
eel,7239,381,1409,2306
efa,6661,421,1579,1969
efb,7691,472,14,207
efc,7816,295,715,879
efd,7364,433,880,1425
efe,7660,230,189,564
eff,7754,451,180,507
efg,6786,379,971,1330
efh,8003,406,1094,1252
efi,7566,276,1536,1901
efj,7816,346,1022,1210
efk,7941,437,840,1329
efl,7114,314,398,561
ega,7847,280,1459,1558
egb,7394,269,1309,1676
egc,7285,331,839,1144
egd,7208,368,1205,1454
ege,7566,313,1037,1410
egf,7582,430,1353,1696
egg,7801,376,759,1081
egh,7801,380,707,1042
egi,7863,514,1100,1387
egj,7925,360,245,512
egk,7722,365,1499,1861
egl,7769,404,997,1554
eha,7005,505,1527,2106
ehb,6521,441,581,869
ehc,6739,444,901,1217
ehd,7769,315,1886,2357
ehe,7988,460,967,1107
ehf,7536,400,1377,1679
ehg,7191,548,327,646
ehh,7957,302,1219,1558
ehi,7972,418,372,846
ehj,8003,337,1272,1871
ehk,7644,395,1527,1836
ehl,7987,415,800,1312
eia,7145,352,1280,1727
eib,7738,448,545,977
eic,6115,399,938,1197
eid,7972,321,191,492
eie,7036,504,611,980
eif,6630,361,722,1037
eig,7301,499,877,1260
eih,7925,411,312,491
eii,7317,334,869,1129
eij,7675,318,1177,1507
eik,7863,452,909,1294
eil,7130,405,38,195
eja,7660,342,869,1171
ejb,6256,366,1192,1536
ejc,7800,530,534,839
ejd,7223,386,443,622
eje,7535,426,100,469
ejf,7645,351,1035,1393
ejg,7660,457,1709,2448
ejh,7972,259,1324,1748
eji,7488,332,1115,1539
ejj,7909,374,634,1411
ejk,7208,309,959,1268
ejl,7692,309,431,790
eka,7754,345,972,1259
ekb,7785,280,1386,1968
ekc,7972,404,1293,1587
ekd,7363,337,828,1217
eke,7535,365,315,893
ekf,7972,347,1658,2228
ekg,7052,331,293,431
ekh,7909,505,742,924
eki,7519,348,1161,1830
ekj,7676,452,1306,1816
ekk,6615,388,1576,2076
ekl,7628,339,1512,1954
ela,7535,596,1752,2404
elb,7909,303,875,1313
elc,7738,553,1539,2023
eld,7894,410,724,1002
ele,6849,417,922,1236
elf,7941,285,549,984
elg,7738,335,1241,1442
elh,7925,282,645,806
eli,7644,364,90,262
elj,7489,275,621,1250
elk,6521,396,810,1174
ell,7706,359,1580,1966
faa,7941,387,1476,1602
fab,7987,331,538,1142
fac,7504,432,1626,1847
fad,7738,306,1043,1367
fae,8003,349,550,888
faf,6943,390,775,931
fag,7597,339,600,823
fah,7223,387,2004,2352
fai,7847,517,667,1311
faj,7270,406,633,1061
fak,7535,365,1198,1667
fal,7582,475,389,790
fba,7504,408,1406,1777
fbb,7707,381,1895,2230
fbc,7192,286,488,998
fbd,7925,338,809,1218
fbe,7207,368,495,725
fbf,7801,372,520,875
fbg,7862,273,479,1145
fbh,7800,276,623,942
fbi,7644,291,777,1029
fbj,6865,489,182,786
fbk,7816,367,427,871
fbl,7598,386,121,412
fca,7863,413,1198,1410
fcb,7332,306,1263,1808
fcc,6474,472,129,669
fcd,7847,301,335,594
fce,7660,356,1647,1922
fcf,7005,406,1164,1476
fcg,7925,448,485,707
fch,7879,363,1005,1272
fci,7519,462,1313,1516
fcj,7083,324,1327,1596
fck,7863,379,797,953
fcl,7738,441,999,1280
fda,7972,226,586,911
fdb,7785,276,903,1408
fdc,7956,384,1940,2200
fdd,7910,315,151,340
fde,7987,432,508,904
fdf,7348,301,416,695
fdg,7582,384,404,714
fdh,7988,402,1143,1363
fdi,6927,369,236,588
fdj,7629,297,295,828
fdk,7536,428,1509,1767
fdl,7535,384,462,913
fea,7255,521,615,1268
feb,7348,495,1094,1320
fec,7784,355,1108,1300
fed,7832,393,613,899
fee,7098,442,624,1014
fef,7770,492,521,1200
feg,7769,339,1061,1219
feh,7738,316,1018,1455
fei,7847,307,408,969
fej,7535,398,848,1084
fek,7878,339,1098,1522
fel,7691,345,606,861
ffa,7691,328,415,596
ffb,6365,413,249,493
ffc,7410,250,1079,1315
ffd,7910,335,896,1282
ffe,7317,322,1214,1593
fff,7676,496,1179,1424
ffg,7114,436,685,879
ffh,7114,352,1685,1974
ffi,7909,447,991,1379
ffj,7598,446,443,694
ffk,7426,355,863,1174
ffl,7691,341,993,1501
fga,7566,488,1199,1545
fgb,7426,461,1352,1859
fgc,7831,413,1554,1917
fgd,7457,450,754,1340
fge,7208,382,485,747
fgf,7551,578,1706,2437
fgg,7239,507,1831,2602
fgh,7676,539,824,1454
fgi,7457,269,1669,2062
fgj,7816,437,841,1406
fgk,7832,283,1619,1931
fgl,7473,399,714,954
fha,7223,271,304,767
fhb,7348,410,644,882
fhc,7316,428,648,927
fhd,7286,489,1769,2307
fhe,7270,485,179,600
fhf,7847,432,1158,1361
fhg,6755,360,360,649
fhh,7831,337,498,768
fhi,7925,271,2101,2537
fhj,7706,327,58,228
fhk,7816,503,1130,1530
fhl,7036,298,476,613
fia,7831,435,802,1073
fib,7972,410,186,425
fic,7862,521,640,1105
fid,7987,355,387,545
fie,7972,417,1642,2182
fif,7769,329,686,896
fig,8003,365,1669,2153
fih,7644,441,400,777
fii,7722,265,222,642
fij,6989,370,822,1371
fik,7909,334,1168,1426
fil,7519,405,1421,1771
fja,6770,311,1237,1423
fjb,7504,335,919,1107
fjc,6927,403,1442,2001
fjd,7754,320,1392,1629
fje,7894,364,726,1143
fjf,7972,411,1484,1824
fjg,6709,406,319,594
fjh,7816,304,613,933
fji,7987,270,470,855
fjj,7847,426,947,1268
fjk,7987,355,1164,2035
fjl,7629,516,833,1345
fka,6709,394,627,939
fkb,7832,359,884,1173
fkc,7863,404,1214,1448
fkd,7691,524,1649,2130
fke,7723,738,290,511
fkf,7816,423,146,384
fkg,7831,300,1313,1605
fkh,7722,365,418,673
fki,7801,492,1525,1747
fkj,8003,257,9,187
fkk,7722,579,783,1198
fkl,6927,433,819,1405
fla,7723,514,1016,1488
flb,7675,312,1019,1397
flc,6880,498,1324,1701
fld,7457,323,588,994
fle,7769,539,295,579
flf,7628,344,912,1271
flg,7972,354,348,750
flh,7082,601,914,1375
fli,7504,425,1488,1943
flj,7644,366,881,1335
flk,7894,455,811,1229
fll,7676,397,998,1303
gaa,7987,345,622,1235
gab,7020,332,936,1390
gac,7722,512,1118,1243
gad,7488,260,968,1276
gae,7379,366,1339,1700
gaf,7691,324,1338,1525
gag,7457,349,1560,1801
gah,7723,512,429,711
gai,7831,308,1058,1338
gaj,7348,404,777,1207
gak,7987,310,899,1172
gal,7847,320,310,593
gba,7879,321,932,1218
gbb,7145,406,1659,2247
gbc,7020,338,1380,1949
gbd,7706,460,560,1147
gbe,7925,390,1024,1335
gbf,7582,442,351,801
gbg,7613,302,942,1300
gbh,7036,396,992,1291
gbi,7957,316,498,727
gbj,7675,301,1003,1373
gbk,7582,441,546,975
gbl,7333,385,1605,1897
gca,6552,383,1386,1583
gcb,7800,257,1105,1855
gcc,7878,331,1232,1368
gcd,7878,200,796,1014
gce,7941,321,1009,1293
gcf,7020,424,557,1262
gcg,7956,503,1110,1461
gch,7769,563,1608,1893
gci,7504,389,231,702
gcj,8003,353,1219,1453
gck,7394,384,1097,1551
gcl,7566,372,1228,1650
gda,7130,341,1046,1349
gdb,7114,555,285,782
gdc,7598,312,996,1260
gdd,7161,504,822,1105
gde,7816,384,688,849
gdf,6989,277,1575,1974
gdg,7488,417,1104,1319
gdh,6833,432,1034,1473
gdi,7551,434,1471,1991
gdj,5382,572,791,1346
gdk,7785,456,590,760
gdl,7941,420,1072,1563
gea,7738,255,894,1243
geb,7676,297,187,867
gec,7707,437,243,586
ged,7535,280,988,1275
gee,7535,388,2192,2724
gef,7863,337,1618,1827
geg,7738,338,1362,1724
geh,7988,516,1477,1699
gei,7613,437,1252,1533
gej,7754,419,1090,1313
gek,7972,332,1105,1284
gel,7333,576,756,1131
gfa,7722,435,1063,1806
gfb,7083,490,1829,2420
gfc,7207,418,599,870
gfd,7551,276,1447,1906
gfe,6927,384,1786,2230
gff,6412,327,650,954
gfg,7753,310,1037,1297
gfh,7550,425,60,408
gfi,7567,312,766,1016
gfj,6880,555,149,590
gfk,7426,344,948,1537
gfl,7332,379,1095,1353
gga,7987,336,524,1051
ggb,7957,210,1997,2381
ggc,7067,430,1078,1302
ggd,7176,470,1508,1857
gge,7754,540,1021,1413
ggf,7848,308,853,1321
ggg,7629,398,622,1008
ggh,7457,331,1401,1715
ggi,7972,295,298,652
ggj,7379,319,1121,1442
ggk,7675,387,610,900
ggl,7910,273,460,898
gha,7754,408,879,1126
ghb,7988,254,940,1244
ghc,7270,344,994,1152
ghd,7691,321,531,772
ghe,7910,352,1548,1815
ghf,6396,478,547,812
ghg,6396,444,1774,2115
ghh,7239,369,373,637
ghi,6443,440,1157,1643
ghj,6942,340,1139,1603
ghk,6989,380,705,945
ghl,7082,323,947,1215
gia,7020,340,1983,2407
gib,7473,436,671,1052
gic,7380,438,591,856
gid,7691,282,560,1095
gie,6552,664,273,622
gif,7941,333,391,655
gig,7083,561,379,881
gih,7754,276,1314,1582
gii,7894,499,874,1445
gij,7270,376,1426,1933
gik,7582,303,1492,1662
gil,7145,285,77,429
gja,8003,252,205,599
gjb,7067,360,625,1085
gjc,7894,448,1002,1321
gjd,7551,331,709,956
gje,6521,522,1526,1883
gjf,7426,251,656,933
gjg,6974,440,836,1112
gjh,7971,364,310,395
gji,7098,567,1273,1483
gjj,7863,451,1071,1262
gjk,7005,391,703,1127
gjl,7363,405,502,622
gka,5819,486,1844,2421
gkb,7363,508,315,1182
gkc,7660,303,125,318
gkd,6833,405,1264,1632
gke,7910,370,778,1098
gkf,7629,252,1408,1681
gkg,7785,319,446,789
gkh,7941,346,915,1137
gki,6584,545,1798,2124
gkj,7723,259,810,1168
gkk,7145,283,597,1170
gkl,6709,382,357,772
gla,8003,590,100,468
glb,7519,396,492,1048
glc,7223,342,1040,1341
gld,6786,337,1191,1530
gle,7660,338,933,1129
glf,7629,391,284,802
glg,6396,452,1053,1369
glh,7614,433,846,1118
gli,7769,580,283,1026
glj,6380,336,588,951
glk,7956,264,1072,1470
gll,7862,348,1274,1650
haa,7925,440,405,614
hab,7910,255,629,788
hac,7988,336,64,455
had,7940,405,275,480
hae,7426,358,748,1339
haf,7348,342,1302,1443
hag,7660,517,520,908
hah,7504,272,943,1137
hai,6818,515,477,1013
haj,7114,390,791,1380
hak,7519,459,327,607
hal,7847,463,1119,1487
hba,7785,354,514,1011
hbb,7270,373,1542,1859
hbc,7129,364,1028,1193
hbd,7535,407,1889,2377
hbe,7566,462,663,821
hbf,6802,295,183,494
hbg,7551,422,537,1140
hbh,7738,374,798,1051
hbi,7816,189,1239,1621
hbj,7597,353,340,846
hbk,7301,548,1121,1514
hbl,7816,270,1274,1384
hca,7987,188,73,262
hcb,7691,433,594,919
hcc,7941,300,451,677
hcd,7753,564,1141,1476
hce,7691,432,944,1380
hcf,7676,421,1050,1346
hcg,7410,528,956,1223
hch,7301,297,1229,1767
hci,6490,601,1054,1824
hcj,7816,382,954,1324
hck,7972,379,170,426
hcl,7800,372,1076,1531
hda,7723,264,1081,1288
hdb,7941,340,1807,2089
hdc,7317,394,1318,1453
hdd,7894,331,305,528
hde,7941,467,1144,1665
hdf,7769,351,2129,2641
hdg,7613,364,91,696
hdh,7972,582,1310,1638
hdi,7504,310,1241,1507
hdj,7988,359,170,549
hdk,7597,605,452,1038
hdl,6692,634,146,795
hea,7052,404,1732,2017
heb,7723,243,1166,1494
hec,7130,555,604,1350
hed,6990,456,1306,1754
hee,7784,315,859,1225
hef,7723,339,1903,2227
heg,8003,483,521,840
heh,7520,330,1713,2406
hei,7848,191,1043,1288
hej,7129,436,816,1253
hek,7800,356,561,949
hel,7145,439,1072,1589
hfa,7847,443,382,700
hfb,7956,335,853,1194
hfc,7692,433,622,989
hfd,6802,529,664,1103
hfe,7348,422,1103,1486
hff,7020,494,418,772
hfg,7489,264,927,1073
hfh,6880,350,567,910
hfi,7863,319,391,549
hfj,7333,381,148,481
hfk,7332,448,612,876
hfl,7379,496,309,642
hga,7614,425,806,1077
hgb,7941,383,1803,2255
hgc,7004,490,1492,1673
hgd,7692,297,596,739
hge,7769,436,77,519
hgf,7410,381,380,755
hgg,7146,381,366,835
hgh,6521,448,1456,1768
hgi,7332,320,171,487
hgj,7551,434,367,744
hgk,7956,269,1802,2060
hgl,7925,382,984,1221
hha,6865,346,1136,1541
hhb,6599,454,1374,1786
hhc,7504,323,62,341
hhd,7691,308,1165,1356
hhe,7519,464,762,946
hhf,7801,288,1076,1445
hhg,7723,305,746,1211
hhh,7098,488,2422,2985
hhi,7738,579,1235,2155
hhj,7629,301,1103,1543
hhk,7940,343,689,963
hhl,7738,428,1046,1296
hia,7613,426,1953,2271
hib,7894,232,200,388
hic,7988,366,1056,1394
hid,7176,361,931,1289
hie,7067,399,1478,1735
hif,7239,451,683,1191
hig,7410,438,372,733
hih,8003,242,1143,1451
hii,7363,378,1218,1479
hij,7769,401,1391,1555
hik,7238,304,506,717
hil,7582,438,794,1421
hja,7926,367,1737,2842
hjb,7754,380,829,1246
hjc,7629,454,383,762
hjd,7769,348,1179,1441
hje,7816,228,425,620
hjf,7270,312,1260,1598
hjg,7972,287,1507,1738
hjh,7847,320,1317,1575
hji,7769,473,796,1440
hjj,5960,377,1372,1628
hjk,7816,435,1512,1856
hjl,7301,422,710,1010
hka,7161,456,1000,1431
hkb,6318,503,451,761
hkc,7940,305,964,1209
hkd,6584,357,587,1129
hke,7614,426,984,1207
hkf,7380,327,999,1378
hkg,6926,380,1024,1487
hkh,7785,299,662,812
hki,8003,213,1360,1641
hkj,7723,411,1197,1470
hkk,7894,367,27,252
hkl,7722,326,774,1023
hla,7988,478,1262,1740
hlb,7473,395,257,531
hlc,7644,276,1044,1386
hld,7316,353,1501,1720
hle,8004,386,1006,1334
hlf,6786,415,545,1094
hlg,7801,241,1622,2286
hlh,7738,378,701,1311
hli,7644,294,909,1560
hlj,7801,437,1155,1678
hlk,6724,454,1603,2618
hll,7894,427,269,652
iaa,7145,415,1682,1992
iab,7784,348,1084,1438
iac,7972,413,931,1239
iad,7410,417,879,1146
iae,6459,517,1465,1739
iaf,7598,247,1591,1869
iag,7987,443,1162,1710
iah,6896,556,1149,1674
iai,6896,512,254,858
iaj,7754,211,678,1025
iak,7425,381,623,922
ial,7395,366,797,1176
iba,8003,428,1279,1682
ibb,7363,442,615,921
ibc,7847,417,353,587
ibd,7582,309,910,1138
ibe,6958,364,443,1019
ibf,7972,457,779,1067
ibg,7847,462,680,866
ibh,7832,334,787,1350
ibi,7753,467,496,890
ibj,7364,315,21,177
ibk,7863,368,1824,2180
ibl,7847,301,319,703
ica,7878,436,470,700
icb,7753,296,1285,1573
icc,7785,344,1254,1491
icd,7707,416,2028,2451
ice,7660,394,1452,1873
icf,7566,420,749,931
icg,6271,505,233,573
ich,8004,402,541,786
ici,7894,399,1263,1730
icj,7770,317,1513,1933
ick,5881,592,1515,1769
icl,7519,317,996,1288
ida,7348,253,1313,1587
idb,7910,323,957,1591
idc,6740,386,1358,1945
idd,8003,381,117,570
ide,7223,299,1116,1343
idf,7645,338,1153,1405
idg,7613,307,767,952
idh,7160,332,342,1051
idi,7052,298,372,624
idj,8003,282,1329,1654
idk,7582,495,247,493
idl,7021,546,82,709
iea,7254,439,1027,1469
ieb,7551,387,278,926
iec,7660,311,1157,1328
ied,7816,319,919,1331
iee,6755,508,603,965
ief,6443,455,1246,1729
ieg,7909,249,861,1094
ieh,7957,446,1222,1534
iei,8003,452,1638,1927
iej,7878,250,1276,1464
iek,7972,283,636,1117
iel,7831,212,1020,1331
ifa,7067,385,1365,1566
ifb,7348,332,580,1049
ifc,7894,418,869,1147
ifd,6958,284,1229,1554
ife,7426,363,714,1008
iff,7862,460,1009,1430
ifg,7582,322,240,532
ifh,6912,573,589,818
ifi,7426,481,1171,1666
ifj,7987,241,1297,1424
ifk,7925,381,1023,1365
ifl,7457,490,374,692
iga,7114,424,1016,1377
igb,7863,338,261,543
igc,7754,442,248,577
igd,7489,327,906,1730
ige,7004,416,1114,1354
igf,7753,421,1017,1222
igg,7925,382,373,848
igh,7956,409,1533,1672
igi,7862,509,871,1184
igj,7847,279,585,787
igk,7473,437,1555,1754
igl,7659,366,1392,1734
iha,7224,478,246,612
ihb,7894,273,896,1253
ihc,7893,478,1507,1770
ihd,7598,479,410,1003
ihe,7676,361,324,714
ihf,7675,386,1043,1320
ihg,7083,353,69,380
ihh,7785,324,1286,1573
ihi,7613,464,621,1028
ihj,7255,344,572,788
ihk,7988,321,1782,1983
ihl,7722,428,940,1268
iia,7457,430,114,768
iib,8003,280,1610,1885
iic,6412,405,642,1048
iid,7723,470,694,1001
iie,7442,330,623,890
iif,7535,443,503,749
iig,7784,345,508,891
iih,7395,422,170,563
iii,7753,508,1468,1832
iij,7160,479,739,1180
iik,7800,405,898,1178
iil,7597,385,727,1011
ija,7192,320,1453,1695
ijb,7160,315,639,1052
ijc,7083,398,1754,2337
ijd,7410,321,117,472
ije,7972,259,929,1237
ijf,7613,465,385,605
ijg,7784,376,1313,1446
ijh,7910,335,257,615
iji,7941,344,1226,1384
ijj,7925,462,1591,2044
ijk,7566,446,1223,1523
ijl,7707,433,1537,1778
ika,7364,466,1383,1794
ikb,7988,222,1282,1452
ikc,7691,478,270,821
ikd,7816,398,1706,2101
ike,7504,454,955,1586
ikf,7660,400,1561,1981
ikg,6818,394,430,944
ikh,7847,353,981,1441
iki,7317,334,535,753
ikj,7520,400,891,1120
ikk,7753,386,998,1173
ikl,7550,364,942,1258
ila,6989,328,25,227
ilb,7722,345,954,1310
ilc,6911,369,1221,1463
ild,7940,434,1818,2072
ile,7676,451,257,548
ilf,7707,542,1513,1798
ilg,7847,433,1200,1564
ilh,7770,349,1071,1565
ili,7613,331,1170,1493
ilj,7519,384,1486,1934
ilk,7005,506,716,998
ill,7535,467,1755,2302
jaa,7426,446,1668,2235
jab,6708,373,636,1100
jac,7706,250,1097,1256
jad,7987,417,966,1644
jae,6599,423,1322,1593
jaf,7972,352,596,1021
jag,7894,402,957,1424
jah,7239,370,1826,2099
jai,7909,428,515,864
jaj,7722,472,841,1234
jak,7894,358,957,1212
jal,7441,426,1223,1655
jba,7161,354,996,1377
jbb,7208,427,1361,1727
jbc,7582,544,1421,1852
jbd,7301,484,1194,1492
jbe,7863,392,1900,2153
jbf,7769,414,1155,1346
jbg,7832,323,509,749
jbh,7021,345,943,1375
jbi,6661,260,1148,1522
jbj,7457,347,587,860
jbk,7769,290,753,957
jbl,7426,296,1051,1527
jca,7956,456,1677,2155
jcb,6974,299,260,608
jcc,7770,358,913,1202
jcd,7332,266,986,1249
jce,7801,495,1828,2371
jcf,8003,435,1509,1841
jcg,6973,305,1002,1223
jch,7520,347,1237,1428
jci,7114,328,666,975
jcj,7550,247,1235,1472
jck,6724,344,769,1119
jcl,7894,291,84,305
jda,7987,396,751,1251
jdb,7380,417,402,826
jdc,7972,331,1142,1496
jdd,7769,401,640,1048
jde,7894,438,1056,1422
jdf,7317,447,226,600
jdg,7582,464,1440,1727
jdh,7769,312,1602,1864
jdi,6833,421,797,1136
jdj,7255,324,792,1057
jdk,7177,512,872,1217
jdl,7956,300,613,1268
jea,8003,210,1034,1433
jeb,7831,445,439,573
jec,7597,254,1591,1816
jed,7879,352,1042,1277
jee,7005,439,1283,1586
jef,7723,358,949,1233
jeg,7488,384,28,154
jeh,7410,375,763,1027
jei,7644,407,682,1233
jej,6755,423,74,505
jek,7832,335,290,669
jel,7145,330,1062,1325
jfa,7941,454,603,1010
jfb,6661,443,1016,1351
jfc,6958,332,1492,2061
jfd,7863,328,643,1351
jfe,7957,379,1453,1973
jff,6880,349,771,1357
jfg,7940,370,1115,1484
jfh,7831,335,986,1320
jfi,7504,402,391,853
jfj,7925,383,517,817
jfk,6459,456,416,1019
jfl,7910,402,1081,1445
jga,7504,297,498,875
jgb,6600,388,558,933
jgc,7567,324,1959,2317
jgd,7816,347,968,1142
jge,7894,337,370,623
jgf,6505,315,339,616
jgg,7488,369,439,889
jgh,6584,435,733,1149
jgi,7520,372,801,1213
jgj,7879,358,579,1319
jgk,7613,420,2157,2557
jgl,7598,421,575,845
jha,7675,328,893,1121
jhb,7879,466,748,1149
jhc,7551,302,1613,1850
jhd,6911,689,570,946
jhe,7940,342,948,1210
jhf,7894,468,1176,1438
jhg,7785,444,1067,1451
jhh,7925,535,1169,1726
jhi,7348,383,1302,1653
jhj,7832,373,990,1593
jhk,7379,260,489,765
jhl,7957,432,799,1128
jia,7941,355,1186,1444
jib,7691,563,254,598
jic,7910,366,1676,1878
jid,7831,293,386,879
jie,7800,414,1741,2332
jif,7785,329,2004,2358
jig,7021,339,310,520
jih,7597,311,1371,1459
jii,7769,431,720,1095
jij,7879,400,73,419
jik,7410,381,961,1220
jil,7581,417,1437,1687
jja,7317,259,207,479
jjb,8004,357,155,416
jjc,8004,424,1267,1491
jjd,7941,551,1422,1687
jje,7770,348,323,506
jjf,7332,491,1774,2282
jjg,7862,365,2066,2787
jjh,7348,409,1290,1526
jji,7629,508,1247,1591
jjj,7754,502,1025,1279
jjk,7239,401,847,1261
jjl,7410,399,1277,1781
jka,7987,439,1001,1479
jkb,7348,420,1166,1479
jkc,7754,236,1531,1691
jkd,7129,258,1449,1753
jke,7957,289,415,647
jkf,7426,419,36,312
jkg,7613,378,1275,1750
jkh,7941,359,20,394
jki,7551,258,522,791
jkj,7676,326,528,694
jkk,7941,271,1339,1900
jkl,7254,344,1752,2377
jla,7473,378,502,666
jlb,7801,370,635,993
jlc,7800,306,1621,1923
jld,7754,357,1461,1836
jle,7801,311,545,740
jlf,7146,447,820,1422
jlg,7691,379,685,1040
jlh,7754,303,1255,1422
jli,7925,447,725,1010
jlj,7129,359,303,780
jlk,7567,348,1571,2122
jll,7785,377,770,1199
kaa,7894,382,823,1033
kab,7457,441,1598,2002
kac,7660,353,889,1186
kad,7831,445,870,1138
kae,7800,438,861,1365
kaf,7785,369,1036,1204
kag,7582,396,1235,1390
kah,7691,430,1707,2077
kai,7161,390,1077,1399
kaj,6677,332,1107,1879
kak,7925,297,904,1161
kal,6162,428,337,809
kba,7613,307,750,964
kbb,7457,287,958,1473
kbc,7410,432,1230,1558
kbd,7801,435,559,1057
kbe,7503,485,822,1418
kbf,7379,435,1818,2197
kbg,6646,377,1357,1774
kbh,8003,420,303,733
kbi,7520,399,1129,1615
kbj,7020,414,1493,1718
kbk,7723,296,1466,1775
kbl,7457,393,1635,2538
kca,6241,472,268,719
kcb,7785,346,1247,1720
kcc,7458,402,740,1254
kcd,6973,436,503,922
kce,7348,305,805,1161
kcf,7676,400,887,1265
kcg,7348,408,1536,2112
kch,7192,397,1188,1571
kci,7270,329,802,1056
kcj,7738,399,1034,1252
kck,7114,284,997,1244
kcl,7816,410,472,1044
kda,7192,275,1319,1560
kdb,7207,222,345,810
kdc,7706,325,1745,1956
kdd,7192,390,34,169
kde,7753,398,920,1497
kdf,7925,412,497,663
kdg,8003,318,1132,1465
kdh,7754,318,1170,1486
kdi,7192,392,498,685
kdj,6755,445,1270,1561
kdk,6958,323,673,1218
kdl,7504,481,657,1110
kea,6506,366,263,616
keb,7036,541,972,1355
kec,7769,359,1645,1878
ked,7988,323,94,323
kee,7628,349,612,728
kef,7816,349,689,1073
keg,7503,217,105,494
keh,7301,453,244,650
kei,7816,436,1603,1944
kej,7675,334,777,1013
kek,7863,429,1855,2199
kel,7333,337,1104,1287
kfa,7925,510,126,593
kfb,7566,480,51,214
kfc,7317,438,491,842
kfd,7301,258,962,1279
kfe,7879,375,917,1243
kff,6865,439,340,750
kfg,7239,288,392,567
kfh,7161,379,895,1129
kfi,7504,252,1146,1418
kfj,7769,295,740,896
kfk,7847,291,1143,1408
kfl,7520,268,407,650
kga,7504,490,90,367
kgb,7582,320,780,1091
kgc,7020,513,33,288
kgd,7597,310,723,1098
kge,6428,522,1375,1713
kgf,7785,435,728,1404
kgg,6942,339,544,818
kgh,7957,277,163,263
kgi,6240,543,1390,1907
kgj,7051,374,1399,1955
kgk,7723,383,1283,1500
kgl,7394,409,705,1096
kha,7722,352,1181,1339
khb,7020,393,982,1248
khc,7598,434,749,982
khd,7083,316,1331,1799
khe,7800,350,192,672
khf,7707,319,752,1491
khg,6583,345,1868,2211
khh,7785,321,1836,2243
khi,7301,445,1621,1832
khj,7567,420,957,1560
khk,7582,450,1120,1393
khl,7800,421,1302,1651
kia,7036,331,1375,1693
kib,7582,371,541,978
kic,5819,398,625,946
kid,7036,324,795,1156
kie,7894,343,694,1101
kif,6615,561,949,1550
kig,7566,363,868,1214
kih,7207,368,962,1193
kii,7567,334,1138,1767
kij,7020,431,1118,1452
kik,7519,297,1029,1240
kil,7785,325,1269,1586
kja,7691,355,1028,1418
kjb,7395,442,1744,2134
kjc,7442,336,839,1096
kjd,7348,444,868,1288
kje,7411,410,220,415
kjf,7489,397,479,873
kjg,7472,592,798,1058
kjh,6427,470,153,566
kji,7878,344,639,992
kjj,6724,357,1082,1444
kjk,7333,419,307,661
kjl,7987,552,1111,1533
kka,6631,355,449,915
kkb,7925,312,1403,1543
kkc,6973,571,261,704
kkd,7332,450,1498,1950
kke,6568,350,831,1143
kkf,7785,358,1489,1903
kkg,7316,382,940,1174
kkh,6895,438,721,1031
kki,7925,343,479,799
kkj,7863,334,178,662
kkk,7379,504,646,1033
kkl,7925,309,1671,2043
kla,7410,398,1676,2271
klb,8003,253,1280,1539
klc,7394,324,328,819
kld,7940,382,1237,1519
kle,7972,335,522,916
klf,7582,327,626,1014
klg,7785,221,729,931
klh,7894,378,13,175
kli,6818,424,119,490
klj,7909,373,963,1724
klk,7925,519,1466,1822
kll,7520,385,686,1145
laa,7956,310,593,1131
lab,7832,428,643,1003
lac,7082,367,1119,1315
lad,7286,387,1200,1434
lae,7613,327,1593,1940
laf,7660,295,1327,1723
lag,7270,393,808,1121
lah,7878,363,1276,1684
lai,7161,334,911,1399
laj,7504,342,447,960
lak,7957,272,1488,1584
lal,7972,360,743,1042
lba,7644,331,650,996
lbb,7473,349,903,1215
lbc,7504,464,1207,1433
lbd,7723,341,1195,1347
lbe,7862,357,560,859
lbf,7613,372,1185,1455
lbg,7910,479,518,952
lbh,7878,209,1039,1156
lbi,7909,233,1429,1719
lbj,7925,522,160,504
lbk,7239,328,1111,1405
lbl,7582,324,1712,1907
lca,6927,270,806,1001
lcb,7535,263,1186,1368
lcc,7519,371,1431,1764
lcd,7738,416,422,724
lce,7801,390,657,864
lcf,7831,243,942,1199
lcg,7551,361,1462,1685
lch,7489,242,1327,1599
lci,7816,375,805,964
lcj,7738,241,686,1004
lck,7863,422,1065,1409
lcl,8003,285,756,926
lda,7519,367,708,995
ldb,6942,258,1151,1408
ldc,6771,401,1129,1406
ldd,7894,348,1643,2085
lde,7878,276,842,1036
ldf,6677,411,217,497
ldg,7613,469,198,621
ldh,8003,322,87,700
ldi,7722,415,1200,1568
ldj,6661,325,438,808
ldk,7192,358,1358,1655
ldl,6100,453,287,736
lea,7754,460,1252,1806
leb,7832,539,1241,1567
lec,6942,374,811,1197
led,7644,331,1327,1535
lee,7816,358,87,256
lef,7207,399,1288,1671
leg,7597,447,1325,1521
leh,8003,366,1368,1541
lei,7520,305,989,1503
lej,7800,425,1076,1329
lek,7722,324,809,1032
lel,7597,386,549,846
lfa,7707,296,715,1084
lfb,7816,286,673,843
lfc,7909,335,485,721
lfd,7847,421,712,1270
lfe,7785,289,1557,1774
lff,7520,338,702,965
lfg,7005,319,652,1008
lfh,7754,378,299,595
lfi,7800,360,1841,2045
lfj,7925,438,958,1317
lfk,7410,402,472,932
lfl,7364,481,938,1426
lga,7519,308,1085,1333
lgb,7847,308,1083,1378
lgc,7707,394,818,1069
lgd,7239,428,790,1114
lge,8003,275,477,639
lgf,7785,247,292,642
lgg,7972,308,197,438
lgh,6131,391,847,1330
lgi,7863,433,544,801
lgj,7769,604,1071,1569
lgk,7769,385,308,605
lgl,6645,327,441,677
lha,7863,340,418,805
lhb,7161,376,256,580
lhc,7925,336,953,1291
lhd,7894,355,73,297
lhe,6740,339,785,986
lhf,7691,418,1444,1664
lhg,6771,236,1034,1393
lhh,7987,218,224,465
lhi,7613,416,1380,1971
lhj,7177,354,988,1284
lhk,7847,245,966,1354
lhl,7473,370,1319,1569
lia,7675,329,1786,2217
lib,7332,301,910,1239
lic,8004,469,273,838
lid,7862,480,1157,1468
lie,7192,242,766,1025
lif,7879,351,663,974
lig,7441,224,527,722
lih,7629,209,789,953
lii,6989,349,542,764
lij,7504,207,1589,2288
lik,6942,351,1194,1442
lil,8003,237,1126,1333
lja,7784,266,1389,1839
ljb,6942,276,1360,1564
ljc,7691,280,872,1354
ljd,7894,323,137,313
lje,7707,390,529,1073
ljf,7489,383,1592,1850
ljg,7145,384,1444,1771
ljh,7675,309,257,402
lji,7894,363,1012,1268
ljj,7645,380,912,1265
ljk,7738,372,555,1009
ljl,8003,196,433,695
lka,7909,303,711,991
lkb,7660,319,683,1193
lkc,7394,227,1041,1609
lkd,7535,326,419,823
lke,7255,308,599,784
lkf,7878,388,500,786
lkg,7410,399,963,1167
lkh,7909,216,746,1118
lki,7442,313,971,1340
lkj,7551,423,605,955
lkk,7488,356,786,1044
lkl,7972,470,1761,2030
lla,7863,291,990,1381
llb,7473,291,564,1155
llc,7285,251,1429,1701
lld,7286,299,919,1162
lle,7535,371,418,866
llf,7691,328,1087,1424
llg,7114,406,1834,2164
llh,7738,362,658,914
lli,7598,415,1238,1494
llj,7567,414,462,721
llk,7707,315,1237,1604
lll,7208,305,16,258
